"scientificName","introduction_status","reportingStatus","infrataxon_status","provincial_concern","provenance_status","solow_EP","phylum"
Abies grandis,native,confirmed,non-infrataxon,secure,no_voucher,0,Tracheophyta
Acer glabrum var. douglasii,native,confirmed,infrataxon,secure,no_voucher,0,Tracheophyta
Acer macrophyllum,native,confirmed,non-infrataxon,secure,voucher,0,Tracheophyta
Achillea millefolium complex,unknown,confirmed,non-infrataxon,unknown,unknown,,Tracheophyta
Achlys triphylla,native,confirmed,non-infrataxon,secure,no_voucher,0.008,Tracheophyta
Acmispon americanus var. americanus,native,reported,infrataxon,secure,unknown,,Tracheophyta
Acmispon denticulatus,native,confirmed,non-infrataxon,secure,unknown,,Tracheophyta
Acmispon parviflorus,native,confirmed,non-infrataxon,secure,voucher,0,Tracheophyta
Actaea rubra,native,reported,non-infrataxon,secure,no_voucher,0,Tracheophyta
Adenocaulon bicolor,native,confirmed,non-infrataxon,secure,voucher,0,Tracheophyta
Adiantum aleuticum var. aleuticum,native,new 2017,infrataxon,secure,no_voucher,0,Tracheophyta
Aegopodium podagraria,exotic,new 2023,non-infrataxon,unknown,no_voucher,0,Tracheophyta
Aesculus hippocastanum,exotic,new 2016,non-infrataxon,unknown,no_voucher,0,Tracheophyta
Agoseris grandiflora var. leptophylla,native,confirmed,infrataxon,secure,no_voucher,0.008,Tracheophyta
Agoseris heterophylla ssp. heterophylla,native,confirmed,infrataxon,secure,unknown,,Tracheophyta
Agrostis capillaris,exotic,confirmed,non-infrataxon,unknown,voucher,0,Tracheophyta
Agrostis exarata,native,confirmed,non-infrataxon,secure,voucher,0.008,Tracheophyta
Agrostis gigantea,exotic,confirmed,non-infrataxon,unknown,voucher,0,Tracheophyta
Agrostis pallens,native,confirmed,non-infrataxon,secure,unknown,,Tracheophyta
Agrostis scabra,native,reported,non-infrataxon,secure,voucher,0,Tracheophyta
Agrostis stolonifera,exotic,new 2021,non-infrataxon,unknown,no_voucher,0.039,Tracheophyta
Aira caryophyllea,exotic,confirmed,non-infrataxon,unknown,voucher,0,Tracheophyta
Aira praecox,exotic,confirmed,non-infrataxon,unknown,voucher,0,Tracheophyta
Ajuga reptans,exotic,new 2013,non-infrataxon,unknown,no_voucher,0,Tracheophyta
Alcea rosea,exotic,reported,non-infrataxon,unknown,unknown,,Tracheophyta
Alchemilla arvensis,exotic,confirmed,non-infrataxon,unknown,voucher,0,Tracheophyta
Alchemilla occidentalis,native,confirmed,non-infrataxon,secure,no_voucher,0,Tracheophyta
Allium acuminatum,native,confirmed,non-infrataxon,secure,unknown,,Tracheophyta
Allium amplectens,native,confirmed,non-infrataxon,concern,no_voucher,0.008,Tracheophyta
Allium cernuum,native,confirmed,non-infrataxon,secure,voucher,0,Tracheophyta
Allium vineale,exotic,new 2019,non-infrataxon,unknown,unknown,,Tracheophyta
Allotropa virgata,native,confirmed,non-infrataxon,secure,voucher,0.018,Tracheophyta
Alnus rubra,native,confirmed,non-infrataxon,secure,voucher,0,Tracheophyta
Alopecurus geniculatus,exotic,confirmed,non-infrataxon,unknown,voucher,0.228,Tracheophyta
Alopecurus pratensis,exotic,confirmed,non-infrataxon,unknown,no_voucher,0,Tracheophyta
Amaranthus powellii,exotic,confirmed,non-infrataxon,unknown,unknown,,Tracheophyta
Amaranthus retroflexus,exotic,new 2018,non-infrataxon,unknown,no_voucher,0.031,Tracheophyta
Ambrosia chamissonis,native,new 2016,non-infrataxon,secure,no_voucher,0.039,Tracheophyta
Amelanchier alnifolia,native,confirmed,non-infrataxon,secure,voucher,0,Tracheophyta
Amsinckia menziesii,native,confirmed,non-infrataxon,secure,unknown,,Tracheophyta
Anaphalis margaritacea,native,confirmed,non-infrataxon,secure,voucher,0,Tracheophyta
Andromeda polifolia var. polifolia,native,reported,infrataxon,secure,no_voucher,0.031,Tracheophyta
Angelica genuflexa,native,reported,non-infrataxon,secure,no_voucher,0,Tracheophyta
Anisocarpus madioides,native,confirmed,non-infrataxon,secure,no_voucher,0,Tracheophyta
Anthemis cotula,exotic,reported,non-infrataxon,unknown,unknown,,Tracheophyta
Anthoxanthum aristatum ssp. aristatum,exotic,confirmed,infrataxon,unknown,unknown,,Tracheophyta
Anthoxanthum odoratum,exotic,confirmed,non-infrataxon,unknown,voucher,0,Tracheophyta
Anthriscus caucalis,exotic,confirmed,non-infrataxon,unknown,no_voucher,0.008,Tracheophyta
Antirrhinum majus,exotic,new 2019,non-infrataxon,unknown,unknown,,Tracheophyta
Aphyllon californicum ssp. californicum,native,reported,infrataxon,secure,no_voucher,0.016,Tracheophyta
Aphyllon purpureum,native,confirmed,non-infrataxon,secure,unknown,,Tracheophyta
Apocynum androsaemifolium,native,reported,non-infrataxon,secure,voucher,0,Tracheophyta
Aquilegia formosa,native,confirmed,non-infrataxon,secure,voucher,0,Tracheophyta
Arabis eschscholtziana,native,confirmed,non-infrataxon,secure,voucher,0.031,Tracheophyta
Arbutus menziesii,native,confirmed,non-infrataxon,secure,voucher,0,Tracheophyta
Arceuthobium douglasii,native,new 2016,non-infrataxon,secure,unknown,,Tracheophyta
Arctium lappa,exotic,new 2020,non-infrataxon,unknown,no_voucher,0,Tracheophyta
Arctium minus,exotic,confirmed,non-infrataxon,unknown,voucher,0,Tracheophyta
Arctostaphylos × media,native,reported,non-infrataxon,secure,voucher,0,Tracheophyta
Arctostaphylos columbiana,native,confirmed,non-infrataxon,secure,voucher,0,Tracheophyta
Arctostaphylos uva-ursi,native,confirmed,non-infrataxon,secure,voucher,0,Tracheophyta
Arenaria serpyllifolia var. serpyllifolia,exotic,reported,infrataxon,unknown,unknown,,Tracheophyta
Argentina pacifica,native,confirmed,non-infrataxon,secure,no_voucher,0,Tracheophyta
Armeria maritima,exotic,new 2017,non-infrataxon,secure,unknown,,Tracheophyta
Arrhenatherum elatius ssp. elatius,exotic,confirmed,infrataxon,unknown,unknown,,Tracheophyta
Artemisia campestris ssp. pacifica,native,confirmed,infrataxon,secure,unknown,,Tracheophyta
Artemisia suksdorfii,native,confirmed,non-infrataxon,secure,unknown,,Tracheophyta
Asplenium trichomanes ssp. trichomanes,native,new 2016,infrataxon,secure,unknown,,Tracheophyta
Athyrium filix-femina ssp. cyclosorum,native,confirmed,infrataxon,secure,unknown,,Tracheophyta
Athysanus pusillus,native,confirmed,non-infrataxon,secure,unknown,,Tracheophyta
Atriplex dioica,exotic,confirmed,non-infrataxon,unknown,unknown,,Tracheophyta
Atriplex prostrata,exotic,new 2015,non-infrataxon,unknown,no_voucher,0,Tracheophyta
Avena fatua,exotic,new 2022,non-infrataxon,unknown,unknown,,Tracheophyta
Avena sativa,exotic,confirmed,non-infrataxon,unknown,unknown,,Tracheophyta
Barbarea orthoceras,native,confirmed,non-infrataxon,secure,voucher,0,Tracheophyta
Barbarea verna,exotic,new 2017,non-infrataxon,unknown,no_voucher,0.016,Tracheophyta
Bellardia viscosa,exotic,confirmed,non-infrataxon,unknown,unknown,,Tracheophyta
Bellis perennis,exotic,confirmed,non-infrataxon,unknown,no_voucher,0,Tracheophyta
Berberis aquifolium,native,confirmed,non-infrataxon,secure,no_voucher,0,Tracheophyta
Berberis nervosa,native,confirmed,non-infrataxon,secure,voucher,0,Tracheophyta
Betula papyrifera,native,confirmed,non-infrataxon,secure,voucher,0,Tracheophyta
Bidens amplissima,native,reported,non-infrataxon,concern,no_voucher,0,Tracheophyta
Bidens cernua,native,new 2016,non-infrataxon,secure,no_voucher,0.016,Tracheophyta
Boechera sp.,unknown,new 2021,non-infrataxon,unknown,unknown,,Tracheophyta
Bolboschoenus maritimus ssp. paludosus,native,reported,infrataxon,secure,voucher,0,Tracheophyta
Brodiaea coronaria,native,confirmed,non-infrataxon,secure,voucher,0,Tracheophyta
Bromus carinatus var. carinatus,native,confirmed,infrataxon,secure,unknown,,Tracheophyta
Bromus commutatus,exotic,new 2017,non-infrataxon,unknown,unknown,,Tracheophyta
Bromus diandrus,exotic,confirmed,non-infrataxon,unknown,voucher,0,Tracheophyta
Bromus hordeaceus,exotic,confirmed,non-infrataxon,unknown,voucher,0,Tracheophyta
Bromus inermis,exotic,reported,non-infrataxon,unknown,no_voucher,0.039,Tracheophyta
Bromus racemosus,exotic,new 2022,non-infrataxon,unknown,voucher,0.068,Tracheophyta
Bromus secalinus,exotic,new 2022,non-infrataxon,unknown,unknown,,Tracheophyta
Bromus sitchensis,native,confirmed,non-infrataxon,secure,voucher,0,Tracheophyta
Bromus sterilis,exotic,confirmed,non-infrataxon,unknown,voucher,0.016,Tracheophyta
Bromus tectorum,exotic,confirmed,non-infrataxon,unknown,voucher,0.016,Tracheophyta
Bromus vulgaris,native,confirmed,non-infrataxon,secure,voucher,0,Tracheophyta
Buddleja davidii,exotic,confirmed,non-infrataxon,unknown,voucher,0,Tracheophyta
Cakile edentula var. edentula,exotic,new 2016,infrataxon,unknown,unknown,,Tracheophyta
Cakile maritima ssp. maritima,exotic,new 2016,infrataxon,unknown,unknown,,Tracheophyta
Calandrinia menziesii,native,confirmed,non-infrataxon,concern,unknown,,Tracheophyta
Callitriche heterophylla,native,confirmed,infrataxon,secure,unknown,,Tracheophyta
Calluna vulgaris,exotic,new 2018,non-infrataxon,unknown,no_voucher,0.008,Tracheophyta
Caltha palustris,exotic,new 2023,non-infrataxon,unknown,unknown,,Tracheophyta
Calypso bulbosa var. occidentalis,native,confirmed,infrataxon,secure,no_voucher,0.008,Tracheophyta
Calystegia sepium ssp. sepium,exotic,confirmed,infrataxon,unknown,unknown,,Tracheophyta
Calystegia silvatica ssp. silvatica,exotic,new 2017,infrataxon,unknown,unknown,,Tracheophyta
Camassia leichtlinii ssp. suksdorfii,native,confirmed,infrataxon,secure,voucher,0,Tracheophyta
Camassia quamash ssp. quamash,native,confirmed,infrataxon,secure,unknown,,Tracheophyta
Campanula persicifolia,exotic,new 2016,non-infrataxon,unknown,no_voucher,0,Tracheophyta
Campanula rotundifolia,native,reported,non-infrataxon,secure,unknown,,Tracheophyta
Campanula scouleri,native,confirmed,non-infrataxon,secure,unknown,,Tracheophyta
Capsella bursa-pastoris,exotic,confirmed,non-infrataxon,unknown,no_voucher,0,Tracheophyta
Cardamine flexuosa,exotic,confirmed,non-infrataxon,unknown,no_voucher,0,Tracheophyta
Cardamine hirsuta,exotic,confirmed,non-infrataxon,unknown,no_voucher,0,Tracheophyta
Cardamine nuttallii,native,confirmed,non-infrataxon,secure,unknown,,Tracheophyta
Cardamine occidentalis,native,reported,non-infrataxon,secure,unknown,,Tracheophyta
Cardamine oligosperma,native,confirmed,non-infrataxon,secure,voucher,0,Tracheophyta
Cardamine pensylvanica,native,confirmed,non-infrataxon,secure,voucher,0.008,Tracheophyta
Carex aquatilis var. dives,native,confirmed,infrataxon,secure,voucher,0,Tracheophyta
Carex arcta,native,confirmed,non-infrataxon,secure,no_voucher,0.031,Tracheophyta
Carex aurea,native,confirmed,non-infrataxon,secure,voucher,0.008,Tracheophyta
Carex canescens ssp. canescens,native,confirmed,infrataxon,secure,unknown,,Tracheophyta
Carex cusickii,native,confirmed,non-infrataxon,secure,unknown,,Tracheophyta
Carex echinata ssp. echinata,native,confirmed,infrataxon,secure,unknown,,Tracheophyta
Carex echinata ssp. phyllomanica,native,reported,infrataxon,secure,unknown,,Tracheophyta
Carex exsiccata,native,confirmed,non-infrataxon,secure,voucher,0.008,Tracheophyta
Carex flava,native,reported,non-infrataxon,secure,unknown,,Tracheophyta
Carex garberi,native,new 2022,non-infrataxon,secure,voucher,0.032,Tracheophyta
Carex hendersonii,native,confirmed,non-infrataxon,secure,voucher,0,Tracheophyta
Carex inops ssp. inops,native,confirmed,infrataxon,secure,unknown,,Tracheophyta
Carex kelloggii var. limnophila,native,reported,infrataxon,secure,voucher,0.008,Tracheophyta
Carex laeviculmis,native,new 2017,non-infrataxon,secure,no_voucher,0.025,Tracheophyta
Carex lasiocarpa,native,confirmed,non-infrataxon,secure,unknown,,Tracheophyta
Carex leporina,native,confirmed,non-infrataxon,secure,voucher,0.031,Tracheophyta
Carex leptalea,native,confirmed,non-infrataxon,secure,unknown,,Tracheophyta
Carex leptopoda,native,new 2016,non-infrataxon,secure,no_voucher,0.016,Tracheophyta
Carex livida,native,reported,non-infrataxon,secure,no_voucher,0.023,Tracheophyta
Carex lyngbyei,native,confirmed,non-infrataxon,secure,voucher,0,Tracheophyta
Carex macrocephala,native,new 2013,non-infrataxon,secure,no_voucher,0,Tracheophyta
Carex obnupta,native,confirmed,non-infrataxon,secure,no_voucher,0,Tracheophyta
Carex pachystachya,native,confirmed,non-infrataxon,secure,voucher,0.032,Tracheophyta
Carex pallescens,exotic,new 2018,non-infrataxon,unknown,unknown,,Tracheophyta
Carex pellita,native,new 2017,non-infrataxon,secure,unknown,,Tracheophyta
Carex scoparia,native,new 2022,non-infrataxon,secure,no_voucher,0.008,Tracheophyta
Carex sylvatica,exotic,new 2022,non-infrataxon,unknown,unknown,,Tracheophyta
Carex utriculata,native,reported,non-infrataxon,secure,unknown,,Tracheophyta
Carex viridula ssp. viridula,native,confirmed,infrataxon,secure,no_voucher,0,Tracheophyta
Castilleja attenuata,native,confirmed,non-infrataxon,secure,unknown,,Tracheophyta
Castilleja hispida,native,confirmed,non-infrataxon,secure,unknown,,Tracheophyta
Castilleja miniata var. dixonii,native,new 2022,infrataxon,concern,unknown,,Tracheophyta
Ceanothus sanguineus,native,reported,non-infrataxon,secure,no_voucher,0.032,Tracheophyta
Centaurea cyanus,exotic,new 2016,non-infrataxon,unknown,no_voucher,0,Tracheophyta
Centaurea melitensis,exotic,new 2023,non-infrataxon,unknown,unknown,,Tracheophyta
Centaurium erythraea,exotic,confirmed,non-infrataxon,unknown,unknown,,Tracheophyta
Centranthus ruber,exotic,new 2019,non-infrataxon,unknown,no_voucher,0.008,Tracheophyta
Cerastium arvense ssp. strictum,native,confirmed,infrataxon,secure,voucher,0,Tracheophyta
Cerastium fontanum,exotic,confirmed,non-infrataxon,unknown,unknown,,Tracheophyta
Cerastium glomeratum,exotic,confirmed,non-infrataxon,unknown,no_voucher,0,Tracheophyta
Cerastium pumilum,exotic,new 2017,non-infrataxon,unknown,unknown,,Tracheophyta
Cerastium tomentosum,exotic,new 2019,non-infrataxon,unknown,no_voucher,0,Tracheophyta
Ceratophyllum echinatum,native,confirmed,non-infrataxon,secure,unknown,,Tracheophyta
Chamaenerion angustifolium,native,confirmed,non-infrataxon,secure,voucher,0,Tracheophyta
Chenopodium album,exotic,confirmed,non-infrataxon,unknown,no_voucher,0,Tracheophyta
Chimaphila umbellata ssp. umbellata,native,confirmed,infrataxon,secure,unknown,,Tracheophyta
Cichorium intybus,exotic,confirmed,non-infrataxon,unknown,no_voucher,0,Tracheophyta
Cicuta douglasii,native,confirmed,non-infrataxon,secure,no_voucher,0,Tracheophyta
Cinna latifolia,native,reported,non-infrataxon,secure,voucher,0.032,Tracheophyta
Circaea alpina ssp. alpina,native,confirmed,infrataxon,secure,voucher,0.031,Tracheophyta
Circaea alpina ssp. pacifica,native,confirmed,infrataxon,secure,voucher,0.031,Tracheophyta
Cirsium arvense,exotic,confirmed,non-infrataxon,unknown,voucher,0,Tracheophyta
Cirsium brevistylum,native,confirmed,non-infrataxon,secure,no_voucher,0,Tracheophyta
Cirsium vulgare,exotic,confirmed,non-infrataxon,unknown,no_voucher,0,Tracheophyta
Clarkia amoena ssp. caurina,native,confirmed,infrataxon,concern,unknown,,Tracheophyta
Clarkia amoena ssp. lindleyi,native,new 2017,infrataxon,concern,unknown,,Tracheophyta
Claytonia exigua ssp. exigua,native,new 2016,infrataxon,secure,voucher,0.031,Tracheophyta
Claytonia exigua ssp. glauca,native,new 2013,infrataxon,secure,no_voucher,0.031,Tracheophyta
Claytonia parviflora,native,confirmed,non-infrataxon,secure,no_voucher,0.031,Tracheophyta
Claytonia perfoliata,native,confirmed,non-infrataxon,secure,unknown,,Tracheophyta
Claytonia rubra ssp. depressa,native,new 2017,infrataxon,secure,unknown,,Tracheophyta
Claytonia sibirica,native,confirmed,non-infrataxon,secure,no_voucher,0,Tracheophyta
Clematis vitalba,exotic,new 2019,non-infrataxon,unknown,voucher,0,Tracheophyta
Clinopodium douglasii,native,confirmed,non-infrataxon,secure,voucher,0,Tracheophyta
Collinsia grandiflora,native,confirmed,non-infrataxon,secure,no_voucher,0,Tracheophyta
Collinsia parviflora,native,confirmed,non-infrataxon,secure,no_voucher,0,Tracheophyta
Collomia heterophylla,native,confirmed,non-infrataxon,secure,voucher,0,Tracheophyta
Comarum palustre,native,confirmed,non-infrataxon,secure,no_voucher,0,Tracheophyta
Conioselinum gmelinii,native,new 2016,non-infrataxon,secure,no_voucher,0,Tracheophyta
Conium maculatum,exotic,new 2019,non-infrataxon,unknown,unknown,,Tracheophyta
Convolvulus arvensis,exotic,confirmed,non-infrataxon,unknown,unknown,,Tracheophyta
Corallorhiza maculata var. maculata,native,new 2022,infrataxon,concern,unknown,,Tracheophyta
Corallorhiza maculata var. occidentalis,native,confirmed,infrataxon,secure,unknown,,Tracheophyta
Corallorhiza maculata var. ozettensis,native,new 2015,infrataxon,concern,unknown,,Tracheophyta
Corallorhiza mertensiana,native,new 2022,non-infrataxon,secure,voucher,0,Tracheophyta
Corallorhiza striata var. striata,native,confirmed,infrataxon,secure,unknown,,Tracheophyta
Cornus nuttallii,native,confirmed,non-infrataxon,secure,voucher,0,Tracheophyta
Cornus sericea ssp. occidentalis,native,confirmed,infrataxon,secure,unknown,,Tracheophyta
Corylus cornuta ssp. californica,native,new 2016,infrataxon,secure,no_voucher,0,Tracheophyta
Cotoneaster coriaceus,exotic,new 2022,non-infrataxon,unknown,voucher,0.027,Tracheophyta
Cotoneaster franchetii,exotic,new 2022,non-infrataxon,unknown,voucher,0.009,Tracheophyta
Cotoneaster horizontalis,exotic,new 2018,non-infrataxon,unknown,voucher,0,Tracheophyta
Cotoneaster simonsii,exotic,confirmed,non-infrataxon,unknown,voucher,0,Tracheophyta
Crassula connata,native,reported,non-infrataxon,concern,unknown,,Tracheophyta
Crataegus douglasii,native,confirmed,non-infrataxon,secure,no_voucher,0,Tracheophyta
Crataegus monogyna,exotic,confirmed,non-infrataxon,unknown,voucher,0,Tracheophyta
Crepis capillaris,exotic,confirmed,non-infrataxon,unknown,voucher,0,Tracheophyta
Crocidium multicaule,native,confirmed,non-infrataxon,secure,unknown,,Tracheophyta
Cuscuta pacifica var. pacifica,native,new 2016,infrataxon,secure,unknown,,Tracheophyta
Cyclamen hederifolium,exotic,new 2017,non-infrataxon,unknown,no_voucher,0,Tracheophyta
Cymbalaria muralis,exotic,new 2019,non-infrataxon,unknown,no_voucher,0,Tracheophyta
Cynosurus cristatus,exotic,confirmed,non-infrataxon,unknown,unknown,,Tracheophyta
Cynosurus echinatus,exotic,confirmed,non-infrataxon,unknown,no_voucher,0,Tracheophyta
Cystopteris fragilis,native,confirmed,non-infrataxon,secure,no_voucher,0,Tracheophyta
Cytisus scoparius,exotic,confirmed,non-infrataxon,unknown,no_voucher,0,Tracheophyta
Dactylis glomerata,exotic,confirmed,non-infrataxon,unknown,no_voucher,0,Tracheophyta
Danthonia californica,native,confirmed,non-infrataxon,secure,unknown,,Tracheophyta
Danthonia decumbens,exotic,new 2022,non-infrataxon,unknown,unknown,,Tracheophyta
Danthonia intermedia,native,new 2017,non-infrataxon,secure,voucher,0,Tracheophyta
Daphne laureola,exotic,confirmed,non-infrataxon,unknown,voucher,0,Tracheophyta
Datura stramonium,exotic,confirmed,non-infrataxon,unknown,unknown,,Tracheophyta
Daucus carota,exotic,confirmed,non-infrataxon,unknown,no_voucher,0,Tracheophyta
Daucus pusillus,native,confirmed,non-infrataxon,secure,no_voucher,0,Tracheophyta
Delphinium ajacis,exotic,confirmed,non-infrataxon,unknown,unknown,,Tracheophyta
Delphinium menziesii,native,confirmed,non-infrataxon,secure,no_voucher,0,Tracheophyta
Deschampsia cespitosa,native,new 2016,non-infrataxon,secure,no_voucher,0,Tracheophyta
Deschampsia danthonioides,native,confirmed,non-infrataxon,secure,no_voucher,0.031,Tracheophyta
Deschampsia elongata,native,confirmed,non-infrataxon,secure,no_voucher,0.031,Tracheophyta
Dianthus armeria,exotic,confirmed,non-infrataxon,unknown,unknown,,Tracheophyta
Digitalis purpurea,exotic,confirmed,non-infrataxon,unknown,no_voucher,0,Tracheophyta
Dipsacus fullonum,exotic,new 2017,non-infrataxon,unknown,no_voucher,0.024,Tracheophyta
Distichlis spicata,native,confirmed,non-infrataxon,secure,no_voucher,0,Tracheophyta
Draba verna,exotic,confirmed,non-infrataxon,unknown,no_voucher,0,Tracheophyta
Drosera rotundifolia,native,confirmed,non-infrataxon,secure,no_voucher,0,Tracheophyta
Dryopteris expansa,native,confirmed,non-infrataxon,secure,voucher,0,Tracheophyta
Dulichium arundinaceum,native,confirmed,non-infrataxon,secure,no_voucher,0,Tracheophyta
Echinochloa crus-galli,exotic,new 2022,non-infrataxon,unknown,no_voucher,0.016,Tracheophyta
Echinops sphaerocephalus,exotic,new 2018,non-infrataxon,unknown,unknown,,Tracheophyta
Echium vulgare,exotic,confirmed,non-infrataxon,unknown,no_voucher,0.008,Tracheophyta
Eleocharis obtusa,native,new 2017,non-infrataxon,secure,no_voucher,0.008,Tracheophyta
Eleocharis palustris,native,confirmed,non-infrataxon,secure,voucher,0,Tracheophyta
Elodea canadensis,native,confirmed,non-infrataxon,secure,unknown,,Tracheophyta
Elymus glaucus ssp. glaucus,native,confirmed,infrataxon,secure,unknown,,Tracheophyta
Elymus repens,exotic,confirmed,non-infrataxon,unknown,voucher,0,Tracheophyta
Empetrum nigrum,native,new 2016,non-infrataxon,secure,voucher,0,Tracheophyta
Epilobium brachycarpum,native,confirmed,non-infrataxon,secure,no_voucher,0,Tracheophyta
Epilobium ciliatum,native,confirmed,non-infrataxon,secure,voucher,0,Tracheophyta
Epilobium densiflorum,native,new 2016,non-infrataxon,concern,unknown,,Tracheophyta
Epilobium hallianum,native,new 2022,non-infrataxon,secure,unknown,,Tracheophyta
Epilobium leptophyllum,native,new 2022,non-infrataxon,secure,unknown,,Tracheophyta
Epilobium minutum,native,confirmed,non-infrataxon,secure,voucher,0,Tracheophyta
Epilobium ravenii,native,new 2016,non-infrataxon,secure,unknown,,Tracheophyta
Epipactis helleborine,exotic,new 2016,non-infrataxon,unknown,no_voucher,0,Tracheophyta
Equisetum arvense,native,confirmed,non-infrataxon,secure,voucher,0,Tracheophyta
Equisetum hyemale ssp. affine,native,confirmed,infrataxon,secure,no_voucher,0,Tracheophyta
Equisetum telmateia ssp. braunii,native,confirmed,infrataxon,secure,no_voucher,0,Tracheophyta
Erigeron canadensis,native,reported,non-infrataxon,secure,voucher,0,Tracheophyta
Eriocoma lemmonii,native,confirmed,non-infrataxon,secure,unknown,,Tracheophyta
Eriophorum chamissonis,native,confirmed,non-infrataxon,secure,no_voucher,0.008,Tracheophyta
Eriophorum gracile,native,new 2017,non-infrataxon,secure,unknown,,Tracheophyta
Eriophyllum lanatum var. leucophyllum,native,confirmed,infrataxon,secure,unknown,,Tracheophyta
Erodium cicutarium,exotic,confirmed,infrataxon,unknown,no_voucher,0,Tracheophyta
Erysimum cheiranthoides,exotic,reported,non-infrataxon,unknown,unknown,,Tracheophyta
Erythranthe alsinoides,native,confirmed,non-infrataxon,secure,no_voucher,0,Tracheophyta
Erythranthe cf guttata,native,confirmed,non-infrataxon,secure,unknown,,Tracheophyta
Erythranthe microphylla,native,new 2017,non-infrataxon,secure,voucher,0,Tracheophyta
Erythranthe nasuta,native,confirmed,non-infrataxon,secure,no_voucher,0.031,Tracheophyta
Erythranthe ptilota,native,confirmed,non-infrataxon,secure,no_voucher,0,Tracheophyta
Erythranthe sookensis,native,confirmed,non-infrataxon,secure,unknown,,Tracheophyta
Erythronium oregonum,native,confirmed,non-infrataxon,secure,voucher,0,Tracheophyta
Erythronium oregonum × revolutum,native,new 2016,non-infrataxon,secure,unknown,,Tracheophyta
Eschscholzia californica,exotic,confirmed,non-infrataxon,unknown,voucher,0.008,Tracheophyta
Euphorbia cyparissias,exotic,new 2017,non-infrataxon,unknown,no_voucher,0,Tracheophyta
Euphorbia myrsinites,exotic,new 2019,non-infrataxon,unknown,no_voucher,0.008,Tracheophyta
Euphorbia peplus,exotic,confirmed,non-infrataxon,unknown,no_voucher,0,Tracheophyta
Euphrasia nemorosa,exotic,confirmed,non-infrataxon,unknown,no_voucher,0,Tracheophyta
Fallopia convolvulus,exotic,reported,non-infrataxon,unknown,unknown,,Tracheophyta
Festuca bromoides,exotic,confirmed,non-infrataxon,unknown,voucher,0.053,Tracheophyta
Festuca microstachys var. pauciflora,native,confirmed,infrataxon,secure,no_voucher,0.016,Tracheophyta
Festuca myuros,exotic,confirmed,non-infrataxon,unknown,voucher,0,Tracheophyta
Festuca occidentalis,native,confirmed,non-infrataxon,secure,voucher,0,Tracheophyta
Festuca roemeri var. roemeri,native,confirmed,infrataxon,secure,unknown,,Tracheophyta
Festuca rubra ssp. pruinosa,native,confirmed,infrataxon,secure,unknown,,Tracheophyta
Festuca rubra ssp. rubra,native,new 2022,infrataxon,secure,unknown,,Tracheophyta
Festuca subulata,native,confirmed,non-infrataxon,secure,unknown,,Tracheophyta
Festuca subuliflora,native,confirmed,non-infrataxon,secure,unknown,,Tracheophyta
Festuca trachyphylla,exotic,new 2021,non-infrataxon,unknown,unknown,,Tracheophyta
Filago germanica,exotic,confirmed,non-infrataxon,unknown,unknown,,Tracheophyta
Fragaria chiloensis,native,reported,non-infrataxon,secure,no_voucher,0,Tracheophyta
Fragaria vesca ssp. bracteata,native,confirmed,infrataxon,secure,no_voucher,0,Tracheophyta
Frangula purshiana,native,confirmed,non-infrataxon,secure,no_voucher,0,Tracheophyta
Fritillaria affinis,native,confirmed,non-infrataxon,secure,voucher,0,Tracheophyta
Fumaria muralis,exotic,new 2022,non-infrataxon,unknown,no_voucher,0,Tracheophyta
Fumaria officinalis,exotic,reported,non-infrataxon,unknown,no_voucher,0.023,Tracheophyta
Fumaria reuteri,exotic,confirmed,non-infrataxon,unknown,unknown,,Tracheophyta
Galanthus nivalis,exotic,new 2017,non-infrataxon,unknown,no_voucher,0,Tracheophyta
Galinsoga quadriradiata,exotic,new 2016,non-infrataxon,unknown,no_voucher,0.008,Tracheophyta
Galium aparine,native,confirmed,non-infrataxon,secure,no_voucher,0,Tracheophyta
Galium mollugo,exotic,reported,non-infrataxon,unknown,unknown,,Tracheophyta
Galium trifidum,native,confirmed,non-infrataxon,secure,voucher,0.008,Tracheophyta
Galium triflorum,native,confirmed,non-infrataxon,secure,voucher,0,Tracheophyta
Gamochaeta ustulata,native,new 2015,non-infrataxon,unknown,no_voucher,0,Tracheophyta
Gaultheria shallon,native,confirmed,non-infrataxon,secure,voucher,0,Tracheophyta
Geranium bicknellii,native,reported,non-infrataxon,secure,unknown,,Tracheophyta
Geranium carolinianum,native,confirmed,non-infrataxon,secure,voucher,0.008,Tracheophyta
Geranium dissectum,exotic,confirmed,non-infrataxon,unknown,voucher,0,Tracheophyta
Geranium molle,exotic,confirmed,non-infrataxon,unknown,voucher,0,Tracheophyta
Geranium pusillum,exotic,reported,non-infrataxon,unknown,no_voucher,0.016,Tracheophyta
Geranium robertianum,exotic,confirmed,non-infrataxon,unknown,no_voucher,0,Tracheophyta
Geranium versicolor,exotic,new 2021,non-infrataxon,unknown,unknown,,Tracheophyta
Geum macrophyllum,native,confirmed,non-infrataxon,secure,no_voucher,0,Tracheophyta
Glechoma hederacea,exotic,confirmed,non-infrataxon,unknown,no_voucher,0,Tracheophyta
Glyceria borealis,native,reported,non-infrataxon,secure,no_voucher,0.031,Tracheophyta
Glyceria elata,native,confirmed,non-infrataxon,secure,no_voucher,0.031,Tracheophyta
Glyceria leptostachya,native,reported,non-infrataxon,secure,unknown,,Tracheophyta
Glyceria striata,native,reported,non-infrataxon,secure,voucher,0.031,Tracheophyta
Gnaphalium palustre,native,confirmed,non-infrataxon,secure,unknown,,Tracheophyta
Gnaphalium uliginosum,exotic,confirmed,non-infrataxon,unknown,no_voucher,0,Tracheophyta
Goodyera oblongifolia,native,confirmed,non-infrataxon,secure,voucher,0,Tracheophyta
Graphephorum canescens,native,confirmed,non-infrataxon,secure,unknown,,Tracheophyta
Graphephorum cernuum,native,confirmed,non-infrataxon,secure,unknown,,Tracheophyta
Grindelia hirsutula,native,new 2016,non-infrataxon,secure,voucher,0.022,Tracheophyta
Grindelia squarrosa,native,reported,non-infrataxon,unknown,unknown,,Tracheophyta
Grindelia stricta,native,confirmed,non-infrataxon,secure,no_voucher,0,Tracheophyta
Hedera helix,exotic,confirmed,non-infrataxon,unknown,no_voucher,0,Tracheophyta
Hedera hibernica,exotic,new 2022,non-infrataxon,unknown,no_voucher,0,Tracheophyta
Hemitomes congestum,native,reported,non-infrataxon,secure,no_voucher,0,Tracheophyta
Hesperis matronalis,exotic,confirmed,non-infrataxon,unknown,no_voucher,0,Tracheophyta
Heuchera micrantha var. diversifolia,native,confirmed,infrataxon,secure,voucher,0,Tracheophyta
Hieracium albiflorum,native,confirmed,non-infrataxon,secure,voucher,0,Tracheophyta
Hippuris vulgaris,native,new 2017,non-infrataxon,secure,voucher,0.225,Tracheophyta
Holcus lanatus,exotic,confirmed,non-infrataxon,unknown,no_voucher,0,Tracheophyta
Holodiscus discolor var. discolor,native,confirmed,infrataxon,secure,unknown,,Tracheophyta
Hordeum brachyantherum ssp. brachyantherum,native,confirmed,infrataxon,secure,unknown,,Tracheophyta
Hordeum jubatum,native,reported,non-infrataxon,secure,no_voucher,0.008,Tracheophyta
Hordeum murinum ssp. leporinum,exotic,reported,infrataxon,unknown,unknown,,Tracheophyta
Hordeum murinum ssp. murinum,exotic,confirmed,infrataxon,unknown,voucher,0,Tracheophyta
Hyacinthoides × massartiana,exotic,confirmed,non-infrataxon,unknown,unknown,,Tracheophyta
Hyacinthoides hispanica,exotic,new 2016,non-infrataxon,unknown,no_voucher,0,Tracheophyta
Hypericum anagalloides,native,confirmed,non-infrataxon,secure,no_voucher,0,Tracheophyta
Hypericum androsaemum,exotic,new 2019,non-infrataxon,unknown,voucher,0,Tracheophyta
Hypericum calycinum,exotic,confirmed,non-infrataxon,unknown,no_voucher,0,Tracheophyta
Hypericum perforatum,exotic,confirmed,non-infrataxon,unknown,voucher,0,Tracheophyta
Hypochaeris glabra,exotic,confirmed,non-infrataxon,unknown,no_voucher,0.023,Tracheophyta
Hypochaeris radicata,exotic,confirmed,non-infrataxon,unknown,voucher,0,Tracheophyta
Idahoa scapigera,native,confirmed,non-infrataxon,secure,unknown,,Tracheophyta
Ilex aquifolium,exotic,confirmed,non-infrataxon,unknown,voucher,0,Tracheophyta
Impatiens capensis,exotic,new 2020,non-infrataxon,unknown,no_voucher,0,Tracheophyta
Impatiens glandulifera,exotic,reported,non-infrataxon,unknown,no_voucher,0,Tracheophyta
Iris × hybrida,exotic,new 2022,non-infrataxon,unknown,unknown,,Tracheophyta
Iris pseudacorus,exotic,confirmed,non-infrataxon,unknown,no_voucher,0,Tracheophyta
Jacobaea vulgaris,exotic,confirmed,non-infrataxon,unknown,no_voucher,0,Tracheophyta
Juncus acuminatus,native,confirmed,non-infrataxon,secure,voucher,0,Tracheophyta
Juncus arcticus ssp. alaskanus,native,new 2017,infrataxon,secure,no_voucher,0,Tracheophyta
Juncus articulatus,native,confirmed,non-infrataxon,secure,no_voucher,0.008,Tracheophyta
Juncus balticus,native,confirmed,non-infrataxon,secure,no_voucher,0,Tracheophyta
Juncus bolanderi,native,confirmed,non-infrataxon,secure,unknown,,Tracheophyta
Juncus bufonius,native,confirmed,non-infrataxon,secure,voucher,0,Tracheophyta
Juncus dudleyi,native,reported,non-infrataxon,secure,unknown,,Tracheophyta
Juncus effusus ssp. effusus,exotic,confirmed,infrataxon,unknown,unknown,,Tracheophyta
Juncus effusus ssp. pacificus,native,confirmed,infrataxon,secure,unknown,,Tracheophyta
Juncus ensifolius,native,confirmed,non-infrataxon,secure,no_voucher,0,Tracheophyta
Juncus hesperius,native,new 2020,non-infrataxon,secure,unknown,,Tracheophyta
Juncus occidentalis,native,new 2022,non-infrataxon,concern,unknown,,Tracheophyta
Juncus oxymeris,native,reported,non-infrataxon,concern,unknown,,Tracheophyta
Juncus pylaei,exotic,new 2022,non-infrataxon,unknown,unknown,,Tracheophyta
Juncus supiniformis,native,reported,non-infrataxon,secure,voucher,0.031,Tracheophyta
Juncus tenuis,native,confirmed,non-infrataxon,secure,voucher,0,Tracheophyta
Juniperus maritima,native,new 2016,non-infrataxon,secure,voucher,0,Tracheophyta
Kalmia microphylla var. occidentalis,native,confirmed,infrataxon,secure,voucher,0,Tracheophyta
Koeleria macrantha,native,confirmed,non-infrataxon,secure,no_voucher,0,Tracheophyta
Kopsiopsis hookeri,native,new 2015,non-infrataxon,secure,voucher,0,Tracheophyta
Laburnum anagyroides,exotic,confirmed,non-infrataxon,unknown,no_voucher,0,Tracheophyta
Lactuca serriola,exotic,confirmed,non-infrataxon,unknown,no_voucher,0.008,Tracheophyta
Lamium galeobdolon,exotic,new 2023,non-infrataxon,unknown,no_voucher,0,Tracheophyta
Lamium galeobdolon ssp. argentatum,exotic,new 2022,infrataxon,unknown,unknown,,Tracheophyta
Lamium hybridum,exotic,new 2018,non-infrataxon,unknown,no_voucher,0.031,Tracheophyta
Lamium purpureum,exotic,new 2015,non-infrataxon,unknown,no_voucher,0,Tracheophyta
Lapsana communis,exotic,confirmed,non-infrataxon,unknown,no_voucher,0,Tracheophyta
Lathyrus japonicus,native,confirmed,non-infrataxon,secure,voucher,0,Tracheophyta
Lathyrus latifolius,exotic,confirmed,non-infrataxon,unknown,no_voucher,0,Tracheophyta
Lathyrus nevadensis var. pilosellus,native,confirmed,infrataxon,secure,unknown,,Tracheophyta
Lathyrus sylvestris,exotic,reported,non-infrataxon,unknown,no_voucher,0,Tracheophyta
Lemna minuta,unknown,confirmed,non-infrataxon,concern,unknown,,Tracheophyta
Lemna trisulca,native,confirmed,non-infrataxon,secure,unknown,,Tracheophyta
Lemna turionifera,native,new 2017,non-infrataxon,secure,unknown,,Tracheophyta
Leontodon saxatilis ssp. saxatilis,exotic,new 2016,infrataxon,unknown,no_voucher,0.008,Tracheophyta
Lepidium campestre,exotic,new 2016,non-infrataxon,unknown,no_voucher,0.017,Tracheophyta
Lepidium heterophyllum,exotic,new 2020,non-infrataxon,unknown,no_voucher,0,Tracheophyta
Lepidium ramosissimum,exotic,reported,non-infrataxon,unknown,unknown,,Tracheophyta
Lepidium virginicum ssp. menziesii,native,confirmed,infrataxon,secure,no_voucher,0.033,Tracheophyta
Leptosiphon minimus,native,confirmed,non-infrataxon,secure,unknown,,Tracheophyta
Leucanthemum vulgare,exotic,confirmed,non-infrataxon,unknown,voucher,0,Tracheophyta
Leymus mollis ssp. mollis,native,confirmed,infrataxon,secure,no_voucher,0,Tracheophyta
Ligustrum vulgare,exotic,new 2020,non-infrataxon,unknown,no_voucher,0.008,Tracheophyta
Lilium columbianum,native,confirmed,non-infrataxon,secure,voucher,0,Tracheophyta
Linaria purpurea,exotic,confirmed,non-infrataxon,unknown,no_voucher,0,Tracheophyta
Linnaea borealis ssp. longiflora,native,confirmed,infrataxon,secure,no_voucher,0,Tracheophyta
Linum usitatissimum,exotic,new 2022,non-infrataxon,unknown,no_voucher,0.031,Tracheophyta
Lithophragma glabrum,native,confirmed,non-infrataxon,secure,unknown,,Tracheophyta
Lithophragma parviflorum,native,confirmed,non-infrataxon,secure,unknown,,Tracheophyta
Lobularia maritima,exotic,new 2018,non-infrataxon,unknown,no_voucher,0.016,Tracheophyta
Lolium arundinaceum,exotic,confirmed,non-infrataxon,unknown,no_voucher,0,Tracheophyta
Lolium multiflorum,exotic,reported,non-infrataxon,unknown,unknown,,Tracheophyta
Lolium perenne,exotic,confirmed,non-infrataxon,unknown,no_voucher,0,Tracheophyta
Lolium pratense,exotic,confirmed,non-infrataxon,unknown,unknown,,Tracheophyta
Lomatium nudicaule,native,confirmed,non-infrataxon,secure,no_voucher,0,Tracheophyta
Lomatium papilioniferum,native,confirmed,non-infrataxon,concern,unknown,,Tracheophyta
Lomatium utriculatum,native,confirmed,non-infrataxon,secure,unknown,,Tracheophyta
Lonicera ciliosa,native,confirmed,non-infrataxon,secure,voucher,0,Tracheophyta
Lonicera hispidula,native,confirmed,non-infrataxon,secure,no_voucher,0,Tracheophyta
Lotus corniculatus,exotic,confirmed,non-infrataxon,unknown,voucher,0,Tracheophyta
Ludwigia palustris,native,confirmed,non-infrataxon,secure,unknown,,Tracheophyta
Lunaria annua,exotic,confirmed,non-infrataxon,unknown,voucher,0,Tracheophyta
Lupinus arboreus,exotic,reported,non-infrataxon,unknown,unknown,,Tracheophyta
Lupinus bicolor,native,confirmed,non-infrataxon,secure,unknown,,Tracheophyta
Lupinus polycarpus,native,confirmed,non-infrataxon,secure,unknown,,Tracheophyta
Lupinus polyphyllus var. polyphyllus,native,reported,infrataxon,secure,unknown,,Tracheophyta
Luzula comosa var. laxa,native,confirmed,infrataxon,secure,no_voucher,0.031,Tracheophyta
Luzula macrantha,native,confirmed,non-infrataxon,secure,voucher,0.031,Tracheophyta
Luzula multiflora ssp. multiflora,exotic,confirmed,infrataxon,unknown,no_voucher,0,Tracheophyta
Luzula parviflora,native,reported,non-infrataxon,secure,unknown,,Tracheophyta
Luzula subsessilis,native,confirmed,non-infrataxon,secure,no_voucher,0.031,Tracheophyta
Lycopodium clavatum,native,reported,non-infrataxon,secure,voucher,0,Tracheophyta
Lycopus americanus,native,new 2016,non-infrataxon,secure,unknown,,Tracheophyta
Lycopus europaeus,exotic,new 2022,non-infrataxon,unknown,no_voucher,0.016,Tracheophyta
Lycopus uniflorus,native,confirmed,non-infrataxon,secure,voucher,0,Tracheophyta
Lysichiton americanus,native,confirmed,non-infrataxon,secure,no_voucher,0,Tracheophyta
Lysimachia arvensis,exotic,reported,non-infrataxon,unknown,no_voucher,0,Tracheophyta
Lysimachia europaea ssp. arctica,native,confirmed,infrataxon,secure,unknown,,Tracheophyta
Lysimachia latifolia,native,confirmed,non-infrataxon,secure,no_voucher,0,Tracheophyta
Lysimachia maritima,native,reported,non-infrataxon,secure,no_voucher,0,Tracheophyta
Lysimachia minima,native,new 2020,non-infrataxon,secure,unknown,,Tracheophyta
Lysimachia thyrsiflora,native,confirmed,non-infrataxon,secure,no_voucher,0.009,Tracheophyta
Lythrum salicaria,exotic,new 2019,non-infrataxon,unknown,no_voucher,0,Tracheophyta
Madia exigua,native,confirmed,non-infrataxon,secure,unknown,,Tracheophyta
Madia glomerata,native,confirmed,non-infrataxon,secure,no_voucher,0.016,Tracheophyta
Madia gracilis,native,confirmed,non-infrataxon,secure,no_voucher,0,Tracheophyta
Madia sativa,exotic,confirmed,non-infrataxon,unknown,no_voucher,0.031,Tracheophyta
Maianthemum dilatatum,native,confirmed,non-infrataxon,secure,voucher,0,Tracheophyta
Maianthemum racemosum ssp. amplexicaule,native,confirmed,infrataxon,secure,no_voucher,0,Tracheophyta
Malus domestica,exotic,confirmed,non-infrataxon,unknown,unknown,,Tracheophyta
Malus fusca,native,confirmed,non-infrataxon,secure,voucher,0,Tracheophyta
Malva moschata,exotic,confirmed,non-infrataxon,unknown,no_voucher,0,Tracheophyta
Malva neglecta,exotic,reported,non-infrataxon,unknown,no_voucher,0,Tracheophyta
Marrubium vulgare,exotic,new 2023,non-infrataxon,unknown,unknown,,Tracheophyta
Matricaria discoidea,exotic,confirmed,non-infrataxon,secure,no_voucher,0,Tracheophyta
Meconella oregana,native,confirmed,non-infrataxon,concern,unknown,,Tracheophyta
Medicago arabica,exotic,confirmed,non-infrataxon,unknown,unknown,,Tracheophyta
Medicago lupulina,exotic,confirmed,non-infrataxon,unknown,no_voucher,0.008,Tracheophyta
Medicago sativa ssp. sativa,exotic,reported,infrataxon,unknown,no_voucher,0.008,Tracheophyta
Melica harfordii,native,confirmed,non-infrataxon,secure,unknown,,Tracheophyta
Melica subulata,native,confirmed,non-infrataxon,secure,no_voucher,0.024,Tracheophyta
Melilotus albus,exotic,reported,non-infrataxon,unknown,no_voucher,0,Tracheophyta
Melissa officinalis,exotic,confirmed,non-infrataxon,unknown,no_voucher,0,Tracheophyta
Mentha canadensis,native,confirmed,non-infrataxon,secure,no_voucher,0,Tracheophyta
Mentha spicata,exotic,new 2017,non-infrataxon,unknown,unknown,,Tracheophyta
Mentha suaveolens,exotic,reported,non-infrataxon,unknown,unknown,,Tracheophyta
Menyanthes trifoliata,native,new 2016,non-infrataxon,secure,no_voucher,0,Tracheophyta
Micranthes integrifolia,native,confirmed,non-infrataxon,secure,voucher,0,Tracheophyta
Micranthes rufidula,native,new 2018,non-infrataxon,secure,voucher,0.031,Tracheophyta
Microsteris gracilis,native,confirmed,non-infrataxon,secure,voucher,0.031,Tracheophyta
Moehringia macrophylla,native,confirmed,non-infrataxon,secure,no_voucher,0.031,Tracheophyta
Moenchia erecta,exotic,new 2020,non-infrataxon,unknown,unknown,,Tracheophyta
Monotropa hypopitys,native,reported,non-infrataxon,secure,voucher,0,Tracheophyta
Monotropa uniflora,native,confirmed,non-infrataxon,secure,voucher,0,Tracheophyta
Montia dichotoma,native,confirmed,non-infrataxon,secure,unknown,,Tracheophyta
Montia fontana,native,confirmed,non-infrataxon,secure,voucher,0,Tracheophyta
Montia howellii,native,confirmed,non-infrataxon,secure,unknown,,Tracheophyta
Montia linearis,native,confirmed,non-infrataxon,secure,no_voucher,0,Tracheophyta
Montia parvifolia,native,confirmed,non-infrataxon,secure,voucher,0,Tracheophyta
Muscari armeniacum,exotic,new 2015,non-infrataxon,unknown,no_voucher,0.031,Tracheophyta
Mycelis muralis,exotic,confirmed,non-infrataxon,unknown,voucher,0,Tracheophyta
Myosotis arvensis,exotic,confirmed,non-infrataxon,unknown,voucher,0,Tracheophyta
Myosotis discolor,exotic,confirmed,non-infrataxon,unknown,no_voucher,0,Tracheophyta
Myosotis laxa,native,confirmed,non-infrataxon,secure,voucher,0,Tracheophyta
Myosotis scorpioides,exotic,confirmed,non-infrataxon,unknown,no_voucher,0.008,Tracheophyta
Myosotis sylvatica,exotic,confirmed,non-infrataxon,unknown,no_voucher,0,Tracheophyta
Myosurus minimus,native,confirmed,non-infrataxon,secure,unknown,,Tracheophyta
Myriophyllum sp.,unknown,new 2019,non-infrataxon,unknown,unknown,,Tracheophyta
Myriophyllum spicatum,exotic,reported,non-infrataxon,unknown,unknown,,Tracheophyta
Myrrhis odorata,exotic,new 2023,non-infrataxon,unknown,no_voucher,0,Tracheophyta
Narcissus cf. pseudonarcissus,exotic,confirmed,non-infrataxon,unknown,unknown,,Tracheophyta
Narcissus poeticus,exotic,new 2019,non-infrataxon,unknown,unknown,,Tracheophyta
Nasturtium officinale,exotic,confirmed,non-infrataxon,unknown,no_voucher,0.016,Tracheophyta
Navarretia squarrosa,native,confirmed,non-infrataxon,secure,unknown,,Tracheophyta
Nemophila parviflora,native,confirmed,non-infrataxon,secure,no_voucher,0,Tracheophyta
Nemophila pedunculata,native,confirmed,non-infrataxon,secure,unknown,,Tracheophyta
Neottia cordata,native,confirmed,non-infrataxon,secure,voucher,0,Tracheophyta
Nuphar polysepala,native,confirmed,non-infrataxon,secure,voucher,0,Tracheophyta
Nuttallanthus texanus,native,reported,non-infrataxon,concern,unknown,,Tracheophyta
Nymphoides peltata,exotic,new 2022,non-infrataxon,unknown,unknown,,Tracheophyta
Oemleria cerasiformis,native,confirmed,non-infrataxon,secure,no_voucher,0,Tracheophyta
Oenanthe pimpinelloides,exotic,new 2020,non-infrataxon,unknown,unknown,,Tracheophyta
Oenanthe sarmentosa,native,confirmed,non-infrataxon,secure,voucher,0,Tracheophyta
Oenothera biennis,exotic,new 2018,non-infrataxon,unknown,no_voucher,0,Tracheophyta
Opuntia fragilis,native,new 2013,non-infrataxon,secure,unknown,,Tracheophyta
Origanum vulgare,exotic,new 2020,non-infrataxon,unknown,no_voucher,0,Tracheophyta
Ornithogalum umbellatum,exotic,new 2017,non-infrataxon,unknown,no_voucher,0.008,Tracheophyta
Osmorhiza berteroi,native,confirmed,non-infrataxon,secure,no_voucher,0,Tracheophyta
Oxalis corniculata,exotic,new 2020,non-infrataxon,unknown,no_voucher,0,Tracheophyta
Panicum capillare,native,new 2019,non-infrataxon,secure,no_voucher,0,Tracheophyta
Papaver somniferum,exotic,confirmed,non-infrataxon,unknown,unknown,,Tracheophyta
Paxistima myrsinites,native,confirmed,non-infrataxon,secure,voucher,0,Tracheophyta
Penstemon ovatus,native,new 2016,non-infrataxon,concern,unknown,,Tracheophyta
Pentagramma triangularis ssp. triangularis,native,confirmed,infrataxon,secure,voucher,0,Tracheophyta
Perideridia gairdneri,native,confirmed,non-infrataxon,secure,no_voucher,0,Tracheophyta
Persicaria amphibia,native,confirmed,non-infrataxon,secure,unknown,,Tracheophyta
Persicaria maculosa,exotic,confirmed,non-infrataxon,unknown,no_voucher,0,Tracheophyta
Petasites frigidus var. palmatus,native,confirmed,infrataxon,secure,no_voucher,0,Tracheophyta
Petasites japonicus,exotic,confirmed,non-infrataxon,unknown,no_voucher,0,Tracheophyta
Petrosedum forsterianum,exotic,new 2015,non-infrataxon,unknown,voucher,0,Tracheophyta
Petrosedum rupestre,exotic,reported,non-infrataxon,unknown,unknown,,Tracheophyta
Petroselinum crispum,exotic,confirmed,non-infrataxon,unknown,no_voucher,0.016,Tracheophyta
Phacelia linearis,native,confirmed,non-infrataxon,secure,unknown,,Tracheophyta
Phacelia tanacetifolia,native,reported,non-infrataxon,unknown,unknown,,Tracheophyta
Phalaris arundinacea,exotic,confirmed,non-infrataxon,unknown,no_voucher,0,Tracheophyta
Phalaris canariensis,exotic,new 2016,non-infrataxon,unknown,no_voucher,0,Tracheophyta
Philadelphus lewisii,native,confirmed,non-infrataxon,secure,no_voucher,0,Tracheophyta
Phleum pratense,exotic,confirmed,non-infrataxon,unknown,no_voucher,0.008,Tracheophyta
Phragmites australis ssp. americanus,native,reported,infrataxon,secure,unknown,,Tracheophyta
Phragmites australis ssp. australis,exotic,reported,infrataxon,unknown,unknown,,Tracheophyta
Physocarpus capitatus,native,confirmed,non-infrataxon,secure,voucher,0,Tracheophyta
Picea sitchensis,native,new 2020,non-infrataxon,secure,voucher,0,Tracheophyta
Pilosella aurantiaca,exotic,new 2016,non-infrataxon,unknown,voucher,0,Tracheophyta
Pinus contorta ssp. contorta,native,new 2015,infrataxon,secure,unknown,,Tracheophyta
Pinus monticola,native,confirmed,non-infrataxon,secure,no_voucher,0,Tracheophyta
Pinus ponderosa var. ponderosa,native,confirmed,infrataxon,secure,unknown,,Tracheophyta
Plagiobothrys tenellus,native,reported,non-infrataxon,concern,unknown,,Tracheophyta
Plantago elongata,native,confirmed,non-infrataxon,secure,voucher,0,Tracheophyta
Plantago lanceolata,exotic,confirmed,non-infrataxon,unknown,no_voucher,0,Tracheophyta
Plantago macrocarpa,native,new 2023,non-infrataxon,secure,voucher,0,Tracheophyta
Plantago major,exotic,confirmed,non-infrataxon,unknown,no_voucher,0,Tracheophyta
Plantago maritima,native,confirmed,non-infrataxon,secure,voucher,0,Tracheophyta
Platanthera elegans,native,confirmed,non-infrataxon,secure,no_voucher,0,Tracheophyta
Platanthera elongata,native,confirmed,non-infrataxon,concern,no_voucher,0,Tracheophyta
Platanthera ephemerantha,native,new 2021,non-infrataxon,concern,unknown,,Tracheophyta
Platanthera transversa,native,new 2015,non-infrataxon,concern,unknown,,Tracheophyta
Platanthera unalascensis,native,confirmed,non-infrataxon,secure,no_voucher,0.008,Tracheophyta
Plectritis congesta ssp. brachystemon,native,new 2016,infrataxon,secure,no_voucher,0.016,Tracheophyta
Plectritis congesta ssp. congesta,native,confirmed,infrataxon,secure,no_voucher,0.016,Tracheophyta
Plectritis macrocera,native,reported,non-infrataxon,secure,unknown,,Tracheophyta
Poa annua,exotic,confirmed,non-infrataxon,unknown,no_voucher,0,Tracheophyta
Poa bulbosa,exotic,confirmed,non-infrataxon,unknown,unknown,,Tracheophyta
Poa compressa,exotic,confirmed,non-infrataxon,unknown,no_voucher,0.016,Tracheophyta
Poa howellii,native,reported,non-infrataxon,secure,unknown,,Tracheophyta
Poa infirma,exotic,reported,non-infrataxon,unknown,unknown,,Tracheophyta
Poa nemoralis,exotic,reported,non-infrataxon,unknown,voucher,0.071,Tracheophyta
Poa palustris,native,new 2022,non-infrataxon,secure,no_voucher,0,Tracheophyta
Poa pratensis,exotic,confirmed,non-infrataxon,unknown,no_voucher,0,Tracheophyta
Poa secunda,native,confirmed,non-infrataxon,secure,unknown,,Tracheophyta
Poa trivialis,exotic,confirmed,non-infrataxon,unknown,unknown,,Tracheophyta
Polygonum aviculare,exotic,confirmed,non-infrataxon,unknown,no_voucher,0,Tracheophyta
Polygonum douglasii,native,confirmed,non-infrataxon,secure,unknown,,Tracheophyta
Polygonum fowleri,native,confirmed,non-infrataxon,secure,unknown,,Tracheophyta
Polygonum spergulariiforme,native,new 2018,non-infrataxon,secure,voucher,0,Tracheophyta
Polypodium glycyrrhiza,native,confirmed,non-infrataxon,secure,voucher,0,Tracheophyta
Polypogon monspeliensis,exotic,reported,non-infrataxon,unknown,unknown,,Tracheophyta
Polystichum munitum,native,confirmed,non-infrataxon,secure,voucher,0,Tracheophyta
Populus nigra,exotic,new 2017,non-infrataxon,unknown,unknown,,Tracheophyta
Populus tremuloides,native,confirmed,non-infrataxon,secure,no_voucher,0,Tracheophyta
Populus trichocarpa,native,confirmed,non-infrataxon,secure,no_voucher,0,Tracheophyta
Potamogeton amplifolius,native,new 2016,non-infrataxon,secure,unknown,,Tracheophyta
Potamogeton berchtoldii,native,confirmed,non-infrataxon,secure,voucher,0.031,Tracheophyta
Potamogeton gramineus,native,reported,non-infrataxon,secure,unknown,,Tracheophyta
Potamogeton natans,native,confirmed,non-infrataxon,secure,no_voucher,0,Tracheophyta
Potamogeton pusillus,native,reported,non-infrataxon,secure,unknown,,Tracheophyta
Potentilla norvegica,native,reported,non-infrataxon,secure,no_voucher,0,Tracheophyta
Potentilla recta,exotic,new 2020,non-infrataxon,unknown,no_voucher,0.031,Tracheophyta
Primula hendersonii,native,confirmed,non-infrataxon,secure,unknown,,Tracheophyta
Primula pauciflora var. pauciflora,native,reported,infrataxon,secure,no_voucher,0.024,Tracheophyta
Prunella vulgaris var. vulgaris,exotic,confirmed,infrataxon,unknown,unknown,,Tracheophyta
Prunus × pugetensis,exotic,reported,non-infrataxon,unknown,unknown,,Tracheophyta
Prunus avium,exotic,new 2016,non-infrataxon,unknown,voucher,0,Tracheophyta
Prunus cerasifera,exotic,new 2015,non-infrataxon,unknown,no_voucher,0,Tracheophyta
Prunus emarginata,native,confirmed,non-infrataxon,secure,no_voucher,0,Tracheophyta
Prunus laurocerasus,exotic,confirmed,non-infrataxon,unknown,no_voucher,0,Tracheophyta
Prunus virginiana,native,new 2017,non-infrataxon,secure,no_voucher,0,Tracheophyta
Pseudognaphalium stramineum,native,confirmed,non-infrataxon,unknown,unknown,,Tracheophyta
Pseudognaphalium thermale,native,new 2016,non-infrataxon,secure,voucher,0,Tracheophyta
Pseudotsuga menziesii var. menziesii,native,confirmed,infrataxon,secure,no_voucher,0,Tracheophyta
Psilocarphus tenellus,native,new 2022,non-infrataxon,secure,unknown,,Tracheophyta
Pteridium aquilinum ssp. pubescens,native,confirmed,infrataxon,secure,unknown,,Tracheophyta
Pterospora andromedea,native,new 2021,non-infrataxon,secure,no_voucher,0.008,Tracheophyta
Puccinellia nutkaensis,native,reported,non-infrataxon,secure,unknown,,Tracheophyta
Puccinellia nuttalliana,native,reported,non-infrataxon,secure,unknown,,Tracheophyta
Puccinellia pumila,native,reported,non-infrataxon,secure,voucher,0.046,Tracheophyta
Pyrola aphylla,native,new 2018,non-infrataxon,concern,no_voucher,0.008,Tracheophyta
Pyrola asarifolia,native,confirmed,non-infrataxon,secure,unknown,,Tracheophyta
Pyrola picta,native,confirmed,non-infrataxon,secure,voucher,0,Tracheophyta
Pyrus communis,exotic,new 2016,non-infrataxon,unknown,no_voucher,0.008,Tracheophyta
Quercus garryana var. garryana,native,confirmed,infrataxon,secure,no_voucher,0,Tracheophyta
Ranunculus acris,exotic,confirmed,non-infrataxon,unknown,voucher,0,Tracheophyta
Ranunculus aquatilis,native,reported,non-infrataxon,secure,voucher,0.031,Tracheophyta
Ranunculus flammula,native,confirmed,non-infrataxon,secure,voucher,0,Tracheophyta
Ranunculus occidentalis var. occidentalis,native,confirmed,infrataxon,secure,unknown,,Tracheophyta
Ranunculus parviflorus,exotic,new 2022,non-infrataxon,unknown,unknown,,Tracheophyta
Ranunculus repens,exotic,confirmed,non-infrataxon,unknown,voucher,0,Tracheophyta
Ranunculus sardous,exotic,confirmed,non-infrataxon,unknown,unknown,,Tracheophyta
Ranunculus uncinatus,native,confirmed,non-infrataxon,secure,no_voucher,0,Tracheophyta
Raphanus raphanistrum,exotic,confirmed,non-infrataxon,unknown,no_voucher,0,Tracheophyta
Raphanus sativus,exotic,confirmed,non-infrataxon,unknown,unknown,,Tracheophyta
Reynoutria japonica,exotic,new 2016,non-infrataxon,unknown,no_voucher,0,Tracheophyta
Rhamphospermum arvense,exotic,reported,non-infrataxon,unknown,unknown,,Tracheophyta
Rhinanthus minor,native,reported,non-infrataxon,secure,no_voucher,0.016,Tracheophyta
Rhododendron groenlandicum,native,confirmed,non-infrataxon,secure,no_voucher,0,Tracheophyta
Rhynchospora alba,native,confirmed,non-infrataxon,secure,no_voucher,0.023,Tracheophyta
Ribes bracteosum,native,confirmed,non-infrataxon,secure,no_voucher,0,Tracheophyta
Ribes divaricatum var. divaricatum,native,confirmed,infrataxon,secure,no_voucher,0,Tracheophyta
Ribes lacustre,native,new 2017,non-infrataxon,secure,voucher,0,Tracheophyta
Ribes lobbii,native,confirmed,non-infrataxon,secure,unknown,,Tracheophyta
Ribes rubrum,exotic,new 2018,non-infrataxon,unknown,unknown,,Tracheophyta
Ribes sanguineum,native,confirmed,non-infrataxon,secure,unknown,,Tracheophyta
Robinia pseudoacacia,exotic,new 2017,non-infrataxon,unknown,no_voucher,0,Tracheophyta
Rorippa palustris ssp. palustris,native,reported,infrataxon,secure,unknown,,Tracheophyta
Rosa canina,exotic,new 2018,non-infrataxon,unknown,unknown,,Tracheophyta
Rosa gymnocarpa,native,confirmed,non-infrataxon,secure,unknown,,Tracheophyta
Rosa nutkana ssp. nutkana,native,confirmed,infrataxon,secure,no_voucher,0,Tracheophyta
Rosa rubiginosa,exotic,confirmed,non-infrataxon,unknown,no_voucher,0.023,Tracheophyta
Rubus bifrons,exotic,confirmed,non-infrataxon,unknown,no_voucher,0,Tracheophyta
Rubus laciniatus,exotic,confirmed,non-infrataxon,unknown,no_voucher,0,Tracheophyta
Rubus leucodermis,native,confirmed,non-infrataxon,secure,no_voucher,0,Tracheophyta
Rubus parviflorus,native,confirmed,non-infrataxon,secure,voucher,0,Tracheophyta
Rubus spectabilis,native,confirmed,non-infrataxon,secure,no_voucher,0,Tracheophyta
Rubus ursinus,native,confirmed,non-infrataxon,secure,no_voucher,0,Tracheophyta
Rumex acetosella,exotic,confirmed,non-infrataxon,unknown,no_voucher,0,Tracheophyta
Rumex conglomeratus,exotic,confirmed,non-infrataxon,unknown,no_voucher,0,Tracheophyta
Rumex crispus,exotic,confirmed,non-infrataxon,unknown,no_voucher,0,Tracheophyta
Rumex obtusifolius,exotic,confirmed,non-infrataxon,unknown,no_voucher,0,Tracheophyta
Rumex occidentalis,native,new 2016,non-infrataxon,secure,no_voucher,0,Tracheophyta
Rumex transitorius,native,confirmed,non-infrataxon,secure,no_voucher,0,Tracheophyta
Sabulina macra,native,new 2017,non-infrataxon,secure,voucher,0,Tracheophyta
Sagina apetala,exotic,reported,non-infrataxon,unknown,unknown,,Tracheophyta
Sagina decumbens ssp. occidentalis,native,confirmed,infrataxon,secure,unknown,,Tracheophyta
Sagina maxima ssp. maxima,native,reported,infrataxon,secure,unknown,,Tracheophyta
Sagina procumbens,exotic,confirmed,non-infrataxon,unknown,voucher,0,Tracheophyta
Salicornia depressa,unknown,reported,non-infrataxon,secure,no_voucher,0.031,Tracheophyta
Salicornia pacifica,native,confirmed,non-infrataxon,secure,no_voucher,0.016,Tracheophyta
Salix hookeriana,native,new 2017,non-infrataxon,secure,voucher,0,Tracheophyta
Salix lasiandra var. lasiandra,native,confirmed,infrataxon,secure,no_voucher,0,Tracheophyta
Salix prolixa,native,reported,non-infrataxon,secure,unknown,,Tracheophyta
Salix scouleriana,native,confirmed,non-infrataxon,secure,voucher,0,Tracheophyta
Salix sitchensis,native,confirmed,non-infrataxon,secure,voucher,0,Tracheophyta
Sambucus cerulea,native,new 2022,non-infrataxon,secure,unknown,,Tracheophyta
Sambucus racemosa var. arborescens,native,confirmed,infrataxon,secure,voucher,0,Tracheophyta
Sanguisorba minor,exotic,reported,non-infrataxon,unknown,no_voucher,0.008,Tracheophyta
Sanicula bipinnatifida,native,reported,non-infrataxon,concern,unknown,,Tracheophyta
Sanicula crassicaulis var. crassicaulis,native,confirmed,infrataxon,secure,unknown,,Tracheophyta
Sanicula crassicaulis var. tripartita,native,new 2016,infrataxon,secure,unknown,,Tracheophyta
Sanicula graveolens,native,reported,non-infrataxon,secure,unknown,,Tracheophyta
Saxifraga cespitosa,native,confirmed,non-infrataxon,secure,voucher,0.033,Tracheophyta
Sceptridium multifidum,native,reported,non-infrataxon,secure,voucher,0,Tracheophyta
Schoenoplectus acutus,native,confirmed,non-infrataxon,secure,no_voucher,0,Tracheophyta
Scilla luciliae,exotic,new 2016,non-infrataxon,unknown,unknown,,Tracheophyta
Scirpus cyperinus,native,new 2018,non-infrataxon,unknown,no_voucher,0.008,Tracheophyta
Scirpus microcarpus,native,confirmed,non-infrataxon,secure,no_voucher,0,Tracheophyta
Scorzoneroides autumnalis,exotic,new 2018,non-infrataxon,unknown,no_voucher,0.008,Tracheophyta
Secale cereale,exotic,reported,non-infrataxon,unknown,no_voucher,0,Tracheophyta
Sedum acre,exotic,new 2018,non-infrataxon,unknown,no_voucher,0,Tracheophyta
Sedum album,exotic,confirmed,non-infrataxon,unknown,no_voucher,0,Tracheophyta
Sedum lanceolatum var. nesioticum,native,confirmed,infrataxon,concern,no_voucher,0.008,Tracheophyta
Sedum spathulifolium,native,confirmed,non-infrataxon,secure,no_voucher,0.008,Tracheophyta
Selaginella wallacei,native,confirmed,non-infrataxon,secure,voucher,0,Tracheophyta
Sempervivum tectorum,exotic,new 2021,non-infrataxon,unknown,unknown,,Tracheophyta
Senecio sylvaticus,exotic,confirmed,non-infrataxon,unknown,no_voucher,0,Tracheophyta
Senecio vulgaris,exotic,confirmed,non-infrataxon,unknown,no_voucher,0,Tracheophyta
Setaria viridis,exotic,new 2019,non-infrataxon,unknown,no_voucher,0.008,Tracheophyta
Shepherdia canadensis,native,confirmed,non-infrataxon,secure,no_voucher,0.031,Tracheophyta
Sherardia arvensis,exotic,confirmed,non-infrataxon,unknown,unknown,,Tracheophyta
Silene antirrhina,native,confirmed,non-infrataxon,secure,unknown,,Tracheophyta
Silene coronaria,exotic,confirmed,non-infrataxon,unknown,no_voucher,0,Tracheophyta
Silene gallica,exotic,new 2022,non-infrataxon,unknown,unknown,,Tracheophyta
Silene latifolia,exotic,reported,non-infrataxon,unknown,no_voucher,0.023,Tracheophyta
Silene vulgaris,exotic,reported,non-infrataxon,unknown,no_voucher,0.016,Tracheophyta
Sisymbrium altissimum,exotic,reported,non-infrataxon,unknown,unknown,,Tracheophyta
Sisymbrium officinale,exotic,confirmed,non-infrataxon,unknown,no_voucher,0,Tracheophyta
Sisyrinchium idahoense var. idahoense,native,confirmed,infrataxon,concern,unknown,,Tracheophyta
Smyrnium olusatrum,exotic,new 2016,non-infrataxon,unknown,unknown,,Tracheophyta
Solanum americanum,exotic,confirmed,non-infrataxon,unknown,no_voucher,0.046,Tracheophyta
Solanum nigrum,exotic,new 2018,non-infrataxon,unknown,no_voucher,0,Tracheophyta
Solanum nitidibaccatum,exotic,new 2018,non-infrataxon,unknown,unknown,,Tracheophyta
Solanum sarrachoides,exotic,reported,non-infrataxon,unknown,unknown,,Tracheophyta
Solidago elongata,native,confirmed,non-infrataxon,secure,no_voucher,0,Tracheophyta
Solidago lepida,native,new 2016,non-infrataxon,secure,no_voucher,0,Tracheophyta
Soliva sessilis,exotic,new 2019,non-infrataxon,unknown,unknown,,Tracheophyta
Sonchus arvensis ssp. arvensis,exotic,confirmed,infrataxon,unknown,no_voucher,0,Tracheophyta
Sonchus asper,exotic,confirmed,non-infrataxon,unknown,no_voucher,0,Tracheophyta
Sonchus oleraceus,exotic,confirmed,non-infrataxon,unknown,no_voucher,0,Tracheophyta
Sorbus aucuparia,exotic,new 2016,non-infrataxon,unknown,no_voucher,0,Tracheophyta
Sparganium angustifolium,native,new 2017,non-infrataxon,secure,voucher,0.016,Tracheophyta
Sparganium emersum,native,confirmed,non-infrataxon,secure,no_voucher,0,Tracheophyta
Sparganium natans,native,reported,non-infrataxon,secure,voucher,0.031,Tracheophyta
Spergula arvensis,exotic,confirmed,non-infrataxon,unknown,voucher,0.362,Tracheophyta
Spergularia canadensis var. occidentalis,native,confirmed,infrataxon,secure,voucher,0.008,Tracheophyta
Spergularia macrotheca var. macrotheca,native,new 2017,infrataxon,secure,unknown,,Tracheophyta
Spergularia marina,exotic,confirmed,non-infrataxon,unknown,unknown,,Tracheophyta
Spergularia rubra,exotic,confirmed,non-infrataxon,unknown,voucher,0,Tracheophyta
Spiraea douglasii var. douglasii,native,confirmed,infrataxon,secure,unknown,,Tracheophyta
Spiranthes romanzoffiana,native,confirmed,non-infrataxon,secure,voucher,0,Tracheophyta
Spirodela polyrhiza,native,confirmed,non-infrataxon,secure,no_voucher,0.023,Tracheophyta
Stachys chamissonis var. cooleyae,native,confirmed,infrataxon,secure,no_voucher,0,Tracheophyta
Stellaria borealis ssp. sitchana,native,confirmed,infrataxon,secure,no_voucher,0,Tracheophyta
Stellaria crispa,native,confirmed,non-infrataxon,secure,no_voucher,0,Tracheophyta
Stellaria graminea,exotic,new 2015,non-infrataxon,unknown,unknown,,Tracheophyta
Stellaria media,exotic,confirmed,non-infrataxon,unknown,no_voucher,0,Tracheophyta
Stellaria nitens,native,confirmed,non-infrataxon,secure,unknown,,Tracheophyta
Struthiopteris spicant,native,confirmed,non-infrataxon,secure,voucher,0,Tracheophyta
Symphoricarpos albus var. laevigatus,native,confirmed,infrataxon,secure,no_voucher,0,Tracheophyta
Symphoricarpos mollis,native,confirmed,non-infrataxon,secure,no_voucher,0,Tracheophyta
Symphyotrichum chilense,native,confirmed,non-infrataxon,secure,no_voucher,0.017,Tracheophyta
Symphyotrichum novi-belgii,exotic,new 2020,non-infrataxon,unknown,no_voucher,0.017,Tracheophyta
Symphyotrichum subspicatum,exotic,confirmed,non-infrataxon,unknown,voucher,0,Tracheophyta
Symphytum × uplandicum,exotic,reported,non-infrataxon,unknown,unknown,,Tracheophyta
Symphytum officinale,exotic,confirmed,non-infrataxon,unknown,no_voucher,0,Tracheophyta
Tanacetum parthenium,exotic,new 2018,non-infrataxon,unknown,no_voucher,0,Tracheophyta
Tanacetum vulgare,exotic,confirmed,non-infrataxon,unknown,no_voucher,0,Tracheophyta
Taraxacum erythrospermum agg.,exotic,reported,non-infrataxon,unknown,voucher,0.031,Tracheophyta
Taraxacum lacistophyllum,exotic,new 2017,non-infrataxon,unknown,unknown,,Tracheophyta
Taraxacum officinale agg.,exotic,confirmed,non-infrataxon,unknown,voucher,0,Tracheophyta
Taxus brevifolia,native,confirmed,non-infrataxon,secure,no_voucher,0,Tracheophyta
Teesdalia nudicaulis,exotic,new 2020,non-infrataxon,unknown,no_voucher,0.031,Tracheophyta
Tellima grandiflora,native,confirmed,non-infrataxon,secure,no_voucher,0,Tracheophyta
Thlaspi arvense,exotic,confirmed,non-infrataxon,unknown,unknown,,Tracheophyta
Thuja plicata,native,confirmed,non-infrataxon,secure,no_voucher,0,Tracheophyta
Thysanocarpus curvipes,native,confirmed,non-infrataxon,concern,unknown,,Tracheophyta
Tiarella trifoliata var. laciniata,native,new 2019,infrataxon,secure,voucher,0,Tracheophyta
Tiarella trifoliata var. trifoliata,native,confirmed,infrataxon,secure,voucher,0,Tracheophyta
Tolmiea menziesii,native,new 2017,non-infrataxon,secure,no_voucher,0,Tracheophyta
Torilis arvensis,exotic,confirmed,non-infrataxon,unknown,unknown,,Tracheophyta
Torilis japonica,exotic,confirmed,non-infrataxon,unknown,unknown,,Tracheophyta
Torreyochloa pallida var. pauciflora,native,confirmed,infrataxon,secure,no_voucher,0.031,Tracheophyta
Toxicodendron diversilobum,native,confirmed,non-infrataxon,concern,no_voucher,0.031,Tracheophyta
Toxicoscordion venenosum,native,confirmed,non-infrataxon,secure,unknown,,Tracheophyta
Tragopogon porrifolius,exotic,confirmed,non-infrataxon,unknown,unknown,,Tracheophyta
Trifolium arvense,exotic,new 2016,non-infrataxon,unknown,unknown,,Tracheophyta
Trifolium campestre,exotic,confirmed,non-infrataxon,unknown,no_voucher,0.031,Tracheophyta
Trifolium dichotomum,native,confirmed,non-infrataxon,concern,unknown,,Tracheophyta
Trifolium dubium,exotic,confirmed,non-infrataxon,unknown,no_voucher,0,Tracheophyta
Trifolium glomeratum,exotic,new 2020,non-infrataxon,unknown,unknown,,Tracheophyta
Trifolium hybridum,exotic,confirmed,non-infrataxon,unknown,voucher,0,Tracheophyta
Trifolium incarnatum,exotic,confirmed,non-infrataxon,unknown,unknown,,Tracheophyta
Trifolium microcephalum,native,confirmed,non-infrataxon,secure,unknown,,Tracheophyta
Trifolium microdon,native,confirmed,non-infrataxon,secure,voucher,0.031,Tracheophyta
Trifolium oliganthum,native,confirmed,non-infrataxon,secure,voucher,0.219,Tracheophyta
Trifolium pratense,exotic,confirmed,non-infrataxon,unknown,no_voucher,0,Tracheophyta
Trifolium repens,exotic,confirmed,non-infrataxon,unknown,no_voucher,0,Tracheophyta
Trifolium striatum,exotic,new 2022,non-infrataxon,unknown,unknown,,Tracheophyta
Trifolium subterraneum,exotic,confirmed,non-infrataxon,unknown,unknown,,Tracheophyta
Trifolium variegatum,native,confirmed,non-infrataxon,secure,voucher,0.016,Tracheophyta
Trifolium willdenovii,native,confirmed,non-infrataxon,secure,no_voucher,0.008,Tracheophyta
Trifolium wormskioldii,native,reported,non-infrataxon,secure,no_voucher,0,Tracheophyta
Triglochin concinna var. concinna,native,reported,infrataxon,concern,unknown,,Tracheophyta
Triglochin maritima,native,confirmed,non-infrataxon,secure,voucher,0,Tracheophyta
Triodanis perfoliata,native,reported,non-infrataxon,secure,unknown,,Tracheophyta
Triphysaria pusilla,native,confirmed,non-infrataxon,secure,no_voucher,0.016,Tracheophyta
Trisetum spicatum,native,reported,non-infrataxon,secure,unknown,,Tracheophyta
Triteleia grandiflora,native,new 2018,non-infrataxon,secure,no_voucher,0.031,Tracheophyta
Triteleia hyacinthina,native,confirmed,non-infrataxon,secure,voucher,0,Tracheophyta
Tsuga heterophylla,native,confirmed,non-infrataxon,secure,voucher,0,Tracheophyta
Turritis glabra,native,confirmed,non-infrataxon,secure,voucher,0.031,Tracheophyta
Typha angustifolia,exotic,confirmed,non-infrataxon,unknown,voucher,0.008,Tracheophyta
Typha latifolia,native,confirmed,non-infrataxon,secure,no_voucher,0,Tracheophyta
Ulex europaeus,exotic,confirmed,non-infrataxon,unknown,no_voucher,0.008,Tracheophyta
Uropappus lindleyi,native,confirmed,non-infrataxon,concern,unknown,,Tracheophyta
Urtica gracilis ssp. gracilis,native,new 2017,non-infrataxon,secure,no_voucher,0,Tracheophyta
Utricularia gibba,native,new 2018,non-infrataxon,secure,no_voucher,0.008,Tracheophyta
Utricularia macrorhiza,native,reported,non-infrataxon,secure,no_voucher,0.008,Tracheophyta
Vaccinium ovatum,native,confirmed,non-infrataxon,secure,voucher,0,Tracheophyta
Vaccinium oxycoccos,native,confirmed,non-infrataxon,secure,voucher,0,Tracheophyta
Vaccinium parvifolium,native,confirmed,non-infrataxon,secure,voucher,0,Tracheophyta
Valerianella locusta,exotic,new 2020,non-infrataxon,unknown,unknown,,Tracheophyta
Verbascum phlomoides,exotic,confirmed,non-infrataxon,unknown,no_voucher,0.016,Tracheophyta
Verbascum thapsus,exotic,confirmed,non-infrataxon,unknown,no_voucher,0,Tracheophyta
Veronica americana,native,confirmed,non-infrataxon,secure,no_voucher,0,Tracheophyta
Veronica arvensis,exotic,confirmed,non-infrataxon,unknown,no_voucher,0,Tracheophyta
Veronica filiformis,exotic,confirmed,non-infrataxon,unknown,no_voucher,0,Tracheophyta
Veronica officinalis,exotic,new 2017,non-infrataxon,unknown,no_voucher,0,Tracheophyta
Veronica peregrina var. peregrina,exotic,confirmed,infrataxon,unknown,unknown,,Tracheophyta
Veronica peregrina var. xalapensis,native,new 2022,infrataxon,secure,no_voucher,0.031,Tracheophyta
Veronica persica,exotic,confirmed,non-infrataxon,unknown,no_voucher,0,Tracheophyta
Veronica scutellata,native,confirmed,non-infrataxon,secure,no_voucher,0,Tracheophyta
Veronica serpyllifolia,exotic,confirmed,non-infrataxon,unknown,no_voucher,0,Tracheophyta
Viburnum tinus,exotic,new 2015,non-infrataxon,unknown,unknown,,Tracheophyta
Vicia americana,native,confirmed,non-infrataxon,secure,no_voucher,0.008,Tracheophyta
Vicia cracca,exotic,confirmed,non-infrataxon,unknown,no_voucher,0,Tracheophyta
Vicia gigantea,native,confirmed,non-infrataxon,secure,voucher,0,Tracheophyta
Vicia hirsuta,exotic,confirmed,non-infrataxon,unknown,no_voucher,0.008,Tracheophyta
Vicia lathyroides,exotic,confirmed,non-infrataxon,unknown,unknown,,Tracheophyta
Vicia sativa,exotic,confirmed,non-infrataxon,unknown,no_voucher,0,Tracheophyta
Vicia tetrasperma,exotic,new 2020,non-infrataxon,unknown,unknown,,Tracheophyta
Vicia villosa var. villosa,exotic,confirmed,infrataxon,unknown,unknown,,Tracheophyta
Vinca major,exotic,confirmed,non-infrataxon,unknown,no_voucher,0,Tracheophyta
Vinca minor,exotic,confirmed,non-infrataxon,unknown,voucher,0,Tracheophyta
Viola adunca,native,reported,non-infrataxon,secure,unknown,,Tracheophyta
Viola minuscula,native,confirmed,non-infrataxon,secure,unknown,,Tracheophyta
Viola odorata,exotic,confirmed,non-infrataxon,unknown,no_voucher,0,Tracheophyta
Viola palustris,native,confirmed,non-infrataxon,secure,no_voucher,0,Tracheophyta
Viola sempervirens,native,confirmed,non-infrataxon,secure,voucher,0,Tracheophyta
Wolffia columbiana,native,confirmed,non-infrataxon,concern,unknown,,Tracheophyta
Yabea microcarpa,native,confirmed,non-infrataxon,secure,unknown,,Tracheophyta
Zostera japonica,exotic,new 2016,non-infrataxon,unknown,unknown,,Tracheophyta
Zostera marina,native,confirmed,non-infrataxon,secure,no_voucher,0,Tracheophyta
